<?xml version="1.0" encoding="UTF-8"?>
<configurationDescriptor version="62">
  <logicalFolder name="root" displayName="root" projectFiles="true">
    <logicalFolder name="HeaderFiles"
                   displayName="Header Files"
                   projectFiles="true">
                   <itemPath>TPMCC_MCLV2_dsPIC33EP256MC506_V0_1.h</itemPath>
<itemPath>TPMCC_MCLV2_dsPIC33EP256MC506_V0_1_private.h</itemPath>
<itemPath>TPMCC_MCLV2_dsPIC33EP256MC506_V0_1_types.h</itemPath>

    </logicalFolder>
    <logicalFolder name="LibraryFiles"
                   displayName="Library Files"
                   projectFiles="true">
                   
    </logicalFolder>
    <logicalFolder name="LinkerFiles"
                   displayName="Linker Files"
                   projectFiles="true">
                   
    </logicalFolder>
    <logicalFolder name="ObjectFiles"
                   displayName="Object Files"
                   projectFiles="true">
                   
    </logicalFolder>
    <logicalFolder name="SourceFiles"
                   displayName="Source Files"
                   projectFiles="true">
                   <itemPath>TPMCC_MCLV2_dsPIC33EP256MC506_V0_1.c</itemPath>
<itemPath>MCHP_UART1_Interrupt.c</itemPath>
<itemPath>TPMCC_MCLV2_dsPIC33EP256MC506_V0_1_data.c</itemPath>
<itemPath>TPMCC_MCLV2_dsPIC33EP256MC506_V0_1_main.c</itemPath>
<itemPath>.././code.c</itemPath>

    </logicalFolder>
    <logicalFolder name="ExternalFiles"
                   displayName="Important Files"
                   projectFiles="false">
                   <itemPath>../TPMCC_MCLV2_dsPIC33EP256MC506_V0_1.slx</itemPath>

      <itemPath>Makefile</itemPath>
    </logicalFolder>
  </logicalFolder>
  <projectmakefile>Makefile</projectmakefile>
  <confs>
    <conf name="Simulink" type="2">
      <toolsSet>
        <developmentServer>localhost</developmentServer>
        <targetDevice>dsPIC33EP256MC506</targetDevice>
        <targetHeader></targetHeader>
        <platformTool>ICD4Tool</platformTool>
        <languageToolchain>XC16</languageToolchain>
        <languageToolchainVersion>1.34</languageToolchainVersion>
        <platform>3</platform>
      </toolsSet>
      <compileType>
        <linkerTool>
          <linkerLibItems>
          </linkerLibItems>
        </linkerTool>
      </compileType>
      <C30>
        <property key="extra-include-directories" value=";TPMCC_MCLV2_dsPIC33EP256MC506_V0_1.X;.;..;C:/MATLAB/R2017a/simulink/include/sf_runtime;C:/MATLAB/R2017a/rtw/c/ert;C:/MATLAB/R2017a/extern/include;C:/MATLAB/R2017a/simulink/include;C:/MATLAB/R2017a/rtw/c/src;C:/MATLAB/R2017a/rtw/c/src/ext_mode/common;C:/MATLAB/R2017a/rtw/c/src/ext_mode/common"/>
        <property key="optimization-level" value="3"/>
      </C30>
      <C30-AS>
      </C30-AS>
      <C30-LD>
        <property key="extra-lib-directories" value=";TPMCC_MCLV2_dsPIC33EP256MC506_V0_1.X;.;..;C:/MATLAB/R2017a/simulink/include/sf_runtime;C:/MATLAB/R2017a/rtw/c/ert;C:/MATLAB/R2017a/extern/include;C:/MATLAB/R2017a/simulink/include;C:/MATLAB/R2017a/rtw/c/src;C:/MATLAB/R2017a/rtw/c/src/ext_mode/common;C:/MATLAB/R2017a/rtw/c/src/ext_mode/common"/>
      </C30-LD>
      <C30Global>
      </C30Global>
      <ICD4Tool>
      </ICD4Tool>
    </conf>
  </confs>
</configurationDescriptor>
